ym,month,ret,dur_p,cusips,cum_ret,ret_T,theta_T,ret_hedged,cum_hedged
2017-04,2017-04,0.00608898303434906,8.6775,"['68389XAM7', '134429AZ2', '126408GS6', '45687AAG7', '58013MEN0', '96332HCG2', '718546AH7', '50247VAB5', '50076QAE6', '418056AS6', '00185AAB0', '887317AP0']",0.006088983034349127,0.0109532773506397,-1.157,-0.006583958860341074,-0.0065839588603410215
2017-05,2017-05,0.016635276903939362,7.995,"['68389XAM7', '126408GS6', '134429AZ2', '58013MEN0', '45687AAG7', '96332HCG2', '50247VAB5', '718546AH7', '50076QAE6', '00185AAB0', '418056AS6']",0.022825551857128312,0.0082721956998794,-1.066,0.007817116287867921,0.0011816898554810606
2017-06,2017-06,-0.002968905504197941,7.4195,"['68389XAM7', '126408GS6', '134429AZ2', '58013MEN0', '45687AAG7', '50247VAB5', '718546AH7', '96332HCG2', '00185AAB0', '50076QAE6']",0.01978887944638541,-0.005122414521624,-0.9892666666666667,0.0020985284348939617,0.0032826981001379263
2017-07,2017-07,0.008862249246017702,7.2845,"['68389XAM7', '126408GS6', '45687AAG7', '58013MEN0', '134429AZ2', '718546AH7', '96332HCG2', '50247VAB5', '00185AAB0', '418056AS6']",0.02882650267435638,0.00378529954612,-0.9712666666666667,0.005185713973522883,0.00848543520706957
2017-08,2017-08,0.001191372556427151,7.703500000000001,"['68389XAM7', '134429AZ2', '126408GS6', '444454AF9', '58013MEN0', '45687AAG7', '718546AH7', '50247VAB5', '96332HCG2', '00185AAB0', '418056AS6']",0.03005221833496763,0.0145216467651394,-1.0271333333333335,-0.0137242948909397,-0.005355316298929935
2017-09,2017-09,-0.002567695877125788,8.710500000000001,"['64110LAN6', '68389XAM7', '444454AF9', '134429AZ2', '219350AX3', '126408GS6', '45687AAG7', '58013MEN0', '00185AAB0', '96332HCG2', '718546AH7', '50247VAB5', '418056AS6']",0.02740735750072476,-0.0143685196773329,-1.1614000000000002,0.014119902876128645,0.00868897003118696
2017-10,2017-10,0.007072786660135648,9.845500000000001,"['68389XAM7', '88579YAH', '126408GS6', '219350AX3', '58013MEN0', '444454AF9', '134429AZ2', '45687AAG7', '718546AH7', '50247VAB5', '00185AAB0', '96332HCG2', '50076QAE6', '418056AS6']",0.03467399055338105,-0.0018858767354706,-1.3127333333333335,0.009548439913345754,0.01832037605278458
2017-11,2017-11,-0.0004043470106588174,10.2345,"['88579YAH', '68389XAM7', '64110LAN6', '219350AX3', '58013MEN0', '126408GS6', '134429AZ2', '45687AAG7', '718546AH7', '00185AAB0', '444454AF9', '50247VAB5', '96332HCG2', '418056AS6', '50076QAE6']",0.03425562321829445,-0.0028444291461304,-1.3646,0.003477161002150727,0.021861239952090772
2017-12,2017-12,-0.00016645935695108247,10.175,"['88579YAH', '64110LAN6', '68389XAM7', '219350AX3', '58013MEN0', '126408GS6', '134429AZ2', '45687AAG7', '718546AH7', '444454AF9', '00185AAB0', '50247VAB5', '96332HCG2', '418056AS6', '50076QAE6']",0.03408346169233045,0.0003152110858357,-1.3566666666666667,-0.0005940957300681821,0.02125415655271312
2018-01,2018-01,-0.016871585535614447,10.035,"['88579YAH', '68389XAM7', '64110LAN6', '219350AX3', '126408GS6', '58013MEN0', '718546AH7', '45687AAG7', '444454AF9', '134429AZ2', '00185AAB0', '50247VAB5', '96332HCG2', '12527GAF0', '50076QAE6']",0.016636834117424115,-0.0184869909320444,-1.338,0.007864008331460958,0.029285307748382783
2018-02,2018-02,-0.019346055868030128,9.570500000000001,"['10948WAA1', '88579YAH', '64110LAN6', '219350AX3', '58013MEN0', '126408GS6', '718546AH7', '444454AF9', '45687AAG7', '50247VAB5', '134429AZ2', '00185AAB0', '96332HCG2', '12527GAF0', '50076QAE6']",-0.0030310788729088767,-0.0109389645222317,-1.2760666666666667,-0.005387207873360996,0.02374033383454588
2018-03,2018-03,-0.0005108564129009678,9.822,"['88579YAH', '68389XAM7', '64110LAN6', '219350AX3', '58013MEN0', '126408GS6', '45687AAG7', '718546AH7', '444454AF9', '00185AAB0', '50247VAB5', '134429AZ2', '96332HCG2', '887317AP0', '12527GAF0']",-0.00354038683972957,0.0116289569799292,-1.3095999999999999,-0.015740138473816247,0.007626519218759231
2018-04,2018-04,-0.0187545567735898,8.7605,"['10948WAA1', '68389XAM7', '64110LAN6', '219350AX3', '126408GS6', '58013MEN0', '45687AAG7', '718546AH7', '50247VAB5', '00185AAB0', '444454AF9', '96332HCG2', '134429AZ2', '887317AP0']",-0.022228545227333196,-0.0129038353660915,-1.1680666666666668,-0.0036820168103038516,0.003916421436487738
2018-05,2018-05,-0.004718233714046804,8.4095,"['88579YAH', '68389XAM7', '64110LAN6', '219350AX3', '126408GS6', '58013MEN0', '718546AH7', '45687AAG7', '444454AF9', '00185AAB0', '50247VAB5', '96332HCG2', '134429AZ2']",-0.026841899469874142,0.0096768131018096,-1.1212666666666666,-0.01556852168466918,-0.011713073140241725
2018-06,2018-06,-0.0010799301999065705,8.2285,"['64110LAN6', '68389XAM7', '100743AJ2', '219350AX3', '126408GS6', '58013MEN0', '718546AH7', '45687AAG7', '444454AF9', '00185AAB0', '50247VAB5', '96332HCG2', '887317AP0']",-0.02789284229192035,0.00188143280748,-1.0971333333333333,-0.003144112847419794,-0.014820358763918517
2018-07,2018-07,-0.0018172668159666902,8.6205,"['64110LAN6', '68389XAM7', '100743AJ2', '126408GS6', '219350AX3', '58013MEN0', '45687AAG7', '718546AH7', '00185AAB0', '50247VAB5', '205887BN1', '96332HCG2', '444454AF9', '12527GAF0']",-0.029659420371186962,-0.0051605030106108,-1.1494,0.004114215344429363,-0.01076711756692561
2018-08,2018-08,-0.008055826498200212,8.4405,"['88579YAH', '64110LAN6', '68389XAM7', '100743AJ2', '126408GS6', '58013MEN0', '219350AX3', '718546AH7', '85172FAN9', '45687AAG7', '00185AAB0', '50247VAB5', '444454AF9', '12527GAF0']",-0.03747631572483978,0.0100267783885963,-1.1254,-0.019339962896726487,-0.02989884480940308
2018-09,2018-09,-0.01499252645424821,8.542,"['64110LAN6', '88579YAH', '68389XAM7', '219350AX3', '126408GS6', '58013MEN0', '45687AAG7', '718546AH7', '85172FAN9', '63938CAJ7', '00185AAB0', '444454AF9', '50247VAB5', '12527GAF0', '205887BN1']",-0.05190697752417561,-0.0120924893002816,-1.1389333333333334,-0.0012199873071808195,-0.03108235590541708
2018-10,2018-10,-0.015954393236089222,7.650000000000001,"['64110LAN6', '68389XAM7', '126408GS6', '58013MEN0', '45687AAG7', '718546AH7', '219350AX3', '63938CAJ7', '85172FAN9', '444454AF9', '00185AAB0', '12527GAF0', '50247VAB5', '28370TAD1']",-0.06703322642914733,-0.0030394651184003,-1.0200000000000002,-0.012854138815320916,-0.04353695780322253
2018-11,2018-11,-0.003590889030918664,7.887999999998432,"['10948WAA1', '64110LAN6', '68389XAM7', '126408GS6', '58013MEN0', '45687AAG7', '219350AX3', '718546AH7', '63938CAJ7', '444454AF9', '85172FAN9', '00185AAB0', '12527GAF0', '205887BN1', '50247VAB5']",-0.07038340658257447,0.0131697507452628,-1.0517333333331242,-0.017441954881400306,-0.060219543030945566
2018-12,2018-12,-0.003979175692711021,8.462000000000002,"['88579YAH', '10948WAA1', '64110LAN6', '68389XAM7', '126408GS6', '45687AAG7', '58013MEN0', '219350AX3', '444454AF9', '718546AH7', '00185AAB0', '205887BN1', '85172FAN9', '418056AS6', '96332HCG2']",-0.07408251433464186,0.0259780400462017,-1.128266666666667,-0.0332893323421722,-0.09150420699166695
2019-01,2019-01,0.02414776797095922,9.2165,"['10948WAA1', '88579YAH', '64110LAN6', '68389XAM7', '100743AJ2', '126408GS6', '219350AX3', '58013MEN0', '45687AAG7', '718546AH7', '444454AF9', '00185AAB0', '85172FAN9', '205887BN1', '04650NAB0', '50247VAB5']",-0.051723673730540876,0.0107197022218814,-1.2288666666666666,0.010974683233896564,-0.08153375344407277
2019-02,2019-02,0.0022873452924812854,8.577000000000002,"['64110LAN6', '68389XAM7', '10948WAA1', '100743AJ2', '126408GS6', '58013MEN0', '718546AH7', '45687AAG7', '219350AX3', '444454AF9', '85172FAN9', '00185AAB0', '63938CAJ7', '12527GAF0', '04650NAB0', '205887BN1']",-0.049554638339677104,-0.0073416384055624,-1.1436000000000002,0.010683242973082447,-0.07172155536954061
2019-03,2019-03,0.028065499239859033,8.7875,"['64110LAN6', '88579YAH', '10948WAA1', '68389XAM7', '85172FAN9', '100743AJ2', '126408GS6', '58013MEN0', '219350AX3', '444454AF9', '45687AAG7', '718546AH7', '63938CAJ7', '00185AAB0', '12527GAF0', '04650NAB0']",-0.02287991476447182,0.0267434015128364,-1.1716666666666666,-0.0032688528660142803,-0.07475596102373017
2019-04,2019-04,0.00875256784448439,8.316000000000003,"['64110LAN6', '88579YAH', '10948WAA1', '68389XAM7', '85172FAN9', '219350AX3', '126408GS6', '718546AH7', '58013MEN0', '444454AF9', '45687AAG7', '63938CAJ7', '04650NAB0', '00185AAB0', '887317AP0']",-0.014327604926239412,-0.0053173634632203,-1.1088000000000002,0.01464846045250306,-0.061202560309872145
2019-05,2019-05,0.00922336442140172,8.81,"['64110LAN6', '10948WAA1', '88579YAH', '68389XAM7', '85172FAN9', '219350AX3', '126408GS6', '444454AF9', '63938CAJ7', '58013MEN0', '718546AH7', '45687AAG7', '887317AP0', '00185AAB0', '04650NAB0', '12527GAF0']",-0.005236389226358273,0.0305289584301491,-1.1746666666666667,-0.026637985414546757,-0.08621023281555162
2019-06,2019-06,0.02076833359038014,8.310500000000001,"['64110LAN6', '10948WAA1', '88579YAH', '85172FAN9', '68389XAM7', '219350AX3', '63938CAJ7', '444454AF9', '126408GS6', '58013MEN0', '45687AAG7', '718546AH7', '04650NAB0', '00185AAB0', '887317AP0']",0.015423193285759806,0.0122181976557829,-1.1080666666666668,0.007229756041262301,-0.07960375572580625
2019-07,2019-07,0.016318875197179013,9.397,"['10948WAA1', '68389XAM7', '85172FAN9', '88579YAH', '444454AF9', '219350AX3', '58013MEN0', '126408GS6', '63938CAJ7', '718546AH7', '45687AAG7', '04650NAB0', '50247VAB5', '00185AAB0', '205887BN1', '92553PAP7']",0.031993757649311005,0.0005935241726537,-1.2529333333333335,0.015575228977122104,-0.06526837347155257
2019-08,2019-08,0.01950422104442925,9.056500000000002,"['85172FAN9', '68389XAM7', '88579YAH', '444454AF9', '219350AX3', '126408GS6', '58013MEN0', '63938CAJ7', '718546AH7', '45687AAG7', '00185AAB0', '04650NAB0', '92553PAP7', '418056AS6', '205887BN1']",0.05212199201497425,0.0394953092616263,-1.2075333333333336,-0.02818768139929324,-0.09161629075397959
2019-09,2019-09,-0.0062672461126951915,8.405,"['85172FAN9', '444454AF9', '63938CAJ7', '68389XAM7', '88579YAH', '100743AJ2', '219350AX3', '126408GS6', '58013MEN0', '45687AAG7', '718546AH7', '04650NAB0', '00185AAB0', '12527GAF0']",0.04552808455043733,-0.0117629304811823,-1.1206666666666665,0.006915077979883105,-0.08533474656888795
2019-10,2019-10,-0.0022225297353935794,9.813,"['444454AF9', '85172FAN9', '100743AJ2', '88579YAH', '219350AX3', '58013MEN0', '126408GS6', '718546AH7', '63938CAJ7', '45687AAG7', '04650NAB0', '00185AAB0', '12527GAF0', '205887BN1', '134429AZ2', '92553PAP7']",0.04320436729333488,0.0020256193817282,-1.3084,-0.004872850134446756,-0.08979177327204346
2019-11,2019-11,0.007450712792997204,10.177000000000001,"['444454AF9', '68389XAM7', '100743AJ2', '88579YAH', '63938CAJ7', '219350AX3', '58013MEN0', '126408GS6', '718546AH7', '45687AAG7', '04650NAB0', '12527GAF0', '00185AAB0', '134429AZ2', '205887BN1', '92553PAP7']",0.05097698341843793,-0.0068447850925394,-1.3569333333333335,0.016738629844567,-0.07455613468336442
